name,source,status
A2111OD1,sky130_fd_sc_hd__a2111o_1,ok
A2111OD2,sky130_fd_sc_hd__a2111o_2,ok
A2111OD4,sky130_fd_sc_hd__a2111o_4,ok
A2111OID0,sky130_fd_sc_hd__a2111oi_0,ok
A2111OID1,sky130_fd_sc_hd__a2111oi_1,ok
A2111OID2,sky130_fd_sc_hd__a2111oi_2,ok
A2111OID4,sky130_fd_sc_hd__a2111oi_4,ok
A211OD1,sky130_fd_sc_hd__a211o_1,ok
A211OD2,sky130_fd_sc_hd__a211o_2,ok
A211OD4,sky130_fd_sc_hd__a211o_4,ok
A211OID1,sky130_fd_sc_hd__a211oi_1,ok
A211OID2,sky130_fd_sc_hd__a211oi_2,ok
A211OID4,sky130_fd_sc_hd__a211oi_4,ok
A21BOD1,sky130_fd_sc_hd__a21bo_1,ok
A21BOD2,sky130_fd_sc_hd__a21bo_2,ok
A21BOD4,sky130_fd_sc_hd__a21bo_4,ok
A21BOID0,sky130_fd_sc_hd__a21boi_0,ok
A21BOID1,sky130_fd_sc_hd__a21boi_1,ok
A21BOID2,sky130_fd_sc_hd__a21boi_2,ok
A21BOID4,sky130_fd_sc_hd__a21boi_4,ok
A21OD1,sky130_fd_sc_hd__a21o_1,ok
A21OD2,sky130_fd_sc_hd__a21o_2,ok
A21OD4,sky130_fd_sc_hd__a21o_4,ok
A21OID1,sky130_fd_sc_hd__a21oi_1,ok
A21OID2,sky130_fd_sc_hd__a21oi_2,ok
A21OID4,sky130_fd_sc_hd__a21oi_4,ok
A221OD1,sky130_fd_sc_hd__a221o_1,ok
A221OD2,sky130_fd_sc_hd__a221o_2,ok
A221OD4,sky130_fd_sc_hd__a221o_4,ok
A221OID1,sky130_fd_sc_hd__a221oi_1,ok
A221OID2,sky130_fd_sc_hd__a221oi_2,ok
A221OID4,sky130_fd_sc_hd__a221oi_4,ok
A222OID1,sky130_fd_sc_hd__a222oi_1,ok
A22OD1,sky130_fd_sc_hd__a22o_1,ok
A22OD2,sky130_fd_sc_hd__a22o_2,ok
A22OD4,sky130_fd_sc_hd__a22o_4,ok
A22OID1,sky130_fd_sc_hd__a22oi_1,ok
A22OID2,sky130_fd_sc_hd__a22oi_2,ok
A22OID4,sky130_fd_sc_hd__a22oi_4,ok
A2BB2OD1,sky130_fd_sc_hd__a2bb2o_1,ok
A2BB2OD2,sky130_fd_sc_hd__a2bb2o_2,ok
A2BB2OD4,sky130_fd_sc_hd__a2bb2o_4,ok
A2BB2OID1,sky130_fd_sc_hd__a2bb2oi_1,ok
A2BB2OID2,sky130_fd_sc_hd__a2bb2oi_2,ok
A2BB2OID4,sky130_fd_sc_hd__a2bb2oi_4,ok
A311OD1,sky130_fd_sc_hd__a311o_1,ok
A311OD2,sky130_fd_sc_hd__a311o_2,ok
A311OD4,sky130_fd_sc_hd__a311o_4,ok
A311OID1,sky130_fd_sc_hd__a311oi_1,ok
A311OID2,sky130_fd_sc_hd__a311oi_2,ok
A311OID4,sky130_fd_sc_hd__a311oi_4,ok
A31OD1,sky130_fd_sc_hd__a31o_1,ok
A31OD2,sky130_fd_sc_hd__a31o_2,ok
A31OD4,sky130_fd_sc_hd__a31o_4,ok
A31OID1,sky130_fd_sc_hd__a31oi_1,ok
A31OID2,sky130_fd_sc_hd__a31oi_2,ok
A31OID4,sky130_fd_sc_hd__a31oi_4,ok
A32OD1,sky130_fd_sc_hd__a32o_1,ok
A32OD2,sky130_fd_sc_hd__a32o_2,ok
A32OD4,sky130_fd_sc_hd__a32o_4,ok
A32OID1,sky130_fd_sc_hd__a32oi_1,ok
A32OID2,sky130_fd_sc_hd__a32oi_2,ok
A32OID4,sky130_fd_sc_hd__a32oi_4,ok
A41OD1,sky130_fd_sc_hd__a41o_1,ok
A41OD2,sky130_fd_sc_hd__a41o_2,ok
A41OD4,sky130_fd_sc_hd__a41o_4,ok
A41OID1,sky130_fd_sc_hd__a41oi_1,ok
A41OID2,sky130_fd_sc_hd__a41oi_2,ok
A41OID4,sky130_fd_sc_hd__a41oi_4,ok
AND2D0,sky130_fd_sc_hd__and2_0,ok
AND2D1,sky130_fd_sc_hd__and2_1,ok
AND2D2,sky130_fd_sc_hd__and2_2,ok
AND2D4,sky130_fd_sc_hd__and2_4,ok
AND2BD1,sky130_fd_sc_hd__and2b_1,ok
AND2BD2,sky130_fd_sc_hd__and2b_2,ok
AND2BD4,sky130_fd_sc_hd__and2b_4,ok
AND3D1,sky130_fd_sc_hd__and3_1,ok
AND3D2,sky130_fd_sc_hd__and3_2,ok
AND3D4,sky130_fd_sc_hd__and3_4,ok
AND3BD1,sky130_fd_sc_hd__and3b_1,ok
AND3BD2,sky130_fd_sc_hd__and3b_2,ok
AND3BD4,sky130_fd_sc_hd__and3b_4,ok
AND4D1,sky130_fd_sc_hd__and4_1,ok
AND4D2,sky130_fd_sc_hd__and4_2,ok
AND4D4,sky130_fd_sc_hd__and4_4,ok
AND4BD1,sky130_fd_sc_hd__and4b_1,ok
AND4BD2,sky130_fd_sc_hd__and4b_2,ok
AND4BD4,sky130_fd_sc_hd__and4b_4,ok
AND4BBD1,sky130_fd_sc_hd__and4bb_1,ok
AND4BBD2,sky130_fd_sc_hd__and4bb_2,ok
AND4BBD4,sky130_fd_sc_hd__and4bb_4,ok
BUFD1,sky130_fd_sc_hd__buf_1,ok
BUFD12,sky130_fd_sc_hd__buf_12,ok
BUFD16,sky130_fd_sc_hd__buf_16,ok
BUFD2,sky130_fd_sc_hd__buf_2,ok
BUFD4,sky130_fd_sc_hd__buf_4,ok
BUFD6,sky130_fd_sc_hd__buf_6,ok
BUFD8,sky130_fd_sc_hd__buf_8,ok
BUFBUFD16,sky130_fd_sc_hd__bufbuf_16,ok
BUFBUFD8,sky130_fd_sc_hd__bufbuf_8,ok
BUFINVD16,sky130_fd_sc_hd__bufinv_16,ok
BUFINVD8,sky130_fd_sc_hd__bufinv_8,ok
CLKBUFD1,sky130_fd_sc_hd__clkbuf_1,ok
CLKBUFD16,sky130_fd_sc_hd__clkbuf_16,ok
CLKBUFD2,sky130_fd_sc_hd__clkbuf_2,ok
CLKBUFD4,sky130_fd_sc_hd__clkbuf_4,ok
CLKBUFD8,sky130_fd_sc_hd__clkbuf_8,ok
CLKDLYBUF4S15D1,sky130_fd_sc_hd__clkdlybuf4s15_1,ok
CLKDLYBUF4S15D2,sky130_fd_sc_hd__clkdlybuf4s15_2,ok
CLKDLYBUF4S18D1,sky130_fd_sc_hd__clkdlybuf4s18_1,ok
CLKDLYBUF4S18D2,sky130_fd_sc_hd__clkdlybuf4s18_2,ok
CLKDLYBUF4S25D1,sky130_fd_sc_hd__clkdlybuf4s25_1,ok
CLKDLYBUF4S25D2,sky130_fd_sc_hd__clkdlybuf4s25_2,ok
CLKDLYBUF4S50D1,sky130_fd_sc_hd__clkdlybuf4s50_1,ok
CLKDLYBUF4S50D2,sky130_fd_sc_hd__clkdlybuf4s50_2,ok
CLKINVD1,sky130_fd_sc_hd__clkinv_1,ok
CLKINVD16,sky130_fd_sc_hd__clkinv_16,ok
CLKINVD2,sky130_fd_sc_hd__clkinv_2,ok
CLKINVD4,sky130_fd_sc_hd__clkinv_4,ok
CLKINVD8,sky130_fd_sc_hd__clkinv_8,ok
CLKINVLPD2,sky130_fd_sc_hd__clkinvlp_2,ok
CLKINVLPD4,sky130_fd_sc_hd__clkinvlp_4,ok
CONBD1,sky130_fd_sc_hd__conb_1,skip:non-FET-device(short)
DECAPD12,sky130_fd_sc_hd__decap_12,ok
DECAPD3,sky130_fd_sc_hd__decap_3,ok
DECAPD4,sky130_fd_sc_hd__decap_4,ok
DECAPD6,sky130_fd_sc_hd__decap_6,ok
DECAPD8,sky130_fd_sc_hd__decap_8,ok
DFBBND1,DFBBN,ok
DFBBND2,sky130_fd_sc_hd__dfbbn_2,ok
DFBBPD1,sky130_fd_sc_hd__dfbbp_1,ok
DFRBPD1,sky130_fd_sc_hd__dfrbp_1,ok
DFRBPD2,sky130_fd_sc_hd__dfrbp_2,ok
DFRTND1,sky130_fd_sc_hd__dfrtn_1,ok
DFRTPD1,sky130_fd_sc_hd__dfrtp_1,ok
DFRTPD2,sky130_fd_sc_hd__dfrtp_2,ok
DFRTPD4,sky130_fd_sc_hd__dfrtp_4,ok
DFSBPD1,sky130_fd_sc_hd__dfsbp_1,ok
DFSBPD2,sky130_fd_sc_hd__dfsbp_2,ok
DFSTPD1,sky130_fd_sc_hd__dfstp_1,ok
DFSTPD2,sky130_fd_sc_hd__dfstp_2,ok
DFSTPD4,sky130_fd_sc_hd__dfstp_4,ok
DFXBPD1,sky130_fd_sc_hd__dfxbp_1,ok
DFXBPD2,sky130_fd_sc_hd__dfxbp_2,ok
DFXTPD1,sky130_fd_sc_hd__dfxtp_1,ok
DFXTPD2,sky130_fd_sc_hd__dfxtp_2,ok
DFXTPD4,sky130_fd_sc_hd__dfxtp_4,ok
DIODED2,sky130_fd_sc_hd__diode_2,skip:non-FET-device(sky130_fd_pr__diode_pw2nd)
DLCLKPD1,sky130_fd_sc_hd__dlclkp_1,ok
DLCLKPD2,sky130_fd_sc_hd__dlclkp_2,ok
DLCLKPD4,sky130_fd_sc_hd__dlclkp_4,ok
DLRBND1,sky130_fd_sc_hd__dlrbn_1,ok
DLRBND2,sky130_fd_sc_hd__dlrbn_2,ok
DLRBPD1,sky130_fd_sc_hd__dlrbp_1,ok
DLRBPD2,sky130_fd_sc_hd__dlrbp_2,ok
DLRTND1,sky130_fd_sc_hd__dlrtn_1,ok
DLRTND2,sky130_fd_sc_hd__dlrtn_2,ok
DLRTND4,sky130_fd_sc_hd__dlrtn_4,ok
DLRTPD1,sky130_fd_sc_hd__dlrtp_1,ok
DLRTPD2,sky130_fd_sc_hd__dlrtp_2,ok
DLRTPD4,sky130_fd_sc_hd__dlrtp_4,ok
DLXBND1,sky130_fd_sc_hd__dlxbn_1,ok
DLXBND2,sky130_fd_sc_hd__dlxbn_2,ok
DLXBPD1,sky130_fd_sc_hd__dlxbp_1,ok
DLXTND1,sky130_fd_sc_hd__dlxtn_1,ok
DLXTND2,sky130_fd_sc_hd__dlxtn_2,ok
DLXTND4,sky130_fd_sc_hd__dlxtn_4,ok
DLXTPD1,sky130_fd_sc_hd__dlxtp_1,ok
DLYGATE4SD1D1,sky130_fd_sc_hd__dlygate4sd1_1,ok
DLYGATE4SD2D1,sky130_fd_sc_hd__dlygate4sd2_1,ok
DLYGATE4SD3D1,sky130_fd_sc_hd__dlygate4sd3_1,ok
DLYMETAL6S2SD1,sky130_fd_sc_hd__dlymetal6s2s_1,ok
DLYMETAL6S4SD1,sky130_fd_sc_hd__dlymetal6s4s_1,ok
DLYMETAL6S6SD1,sky130_fd_sc_hd__dlymetal6s6s_1,ok
EBUFND1,sky130_fd_sc_hd__ebufn_1,ok
EBUFND2,sky130_fd_sc_hd__ebufn_2,ok
EBUFND4,sky130_fd_sc_hd__ebufn_4,ok
EBUFND8,sky130_fd_sc_hd__ebufn_8,ok
EDFXBPD1,sky130_fd_sc_hd__edfxbp_1,ok
EDFXTPD1,sky130_fd_sc_hd__edfxtp_1,ok
EINVND0,sky130_fd_sc_hd__einvn_0,ok
EINVND1,sky130_fd_sc_hd__einvn_1,ok
EINVND2,sky130_fd_sc_hd__einvn_2,ok
EINVND4,sky130_fd_sc_hd__einvn_4,ok
EINVND8,sky130_fd_sc_hd__einvn_8,ok
EINVPD1,sky130_fd_sc_hd__einvp_1,ok
EINVPD2,sky130_fd_sc_hd__einvp_2,ok
EINVPD4,sky130_fd_sc_hd__einvp_4,ok
EINVPD8,sky130_fd_sc_hd__einvp_8,ok
FAD1,sky130_fd_sc_hd__fa_1,ok
FAD2,sky130_fd_sc_hd__fa_2,ok
FAD4,sky130_fd_sc_hd__fa_4,ok
FAHD1,sky130_fd_sc_hd__fah_1,ok
FAHCIND1,sky130_fd_sc_hd__fahcin_1,ok
FAHCOND1,sky130_fd_sc_hd__fahcon_1,ok
FILLD1,sky130_fd_sc_hd__fill_1,ok
FILLD2,sky130_fd_sc_hd__fill_2,ok
FILLD4,sky130_fd_sc_hd__fill_4,ok
FILLD8,sky130_fd_sc_hd__fill_8,ok
HAD1,sky130_fd_sc_hd__ha_1,ok
HAD2,sky130_fd_sc_hd__ha_2,ok
HAD4,sky130_fd_sc_hd__ha_4,ok
INVD1,sky130_fd_sc_hd__inv_1,ok
INVD12,sky130_fd_sc_hd__inv_12,ok
INVD16,sky130_fd_sc_hd__inv_16,ok
INVD2,sky130_fd_sc_hd__inv_2,ok
INVD4,sky130_fd_sc_hd__inv_4,ok
INVD6,sky130_fd_sc_hd__inv_6,ok
INVD8,sky130_fd_sc_hd__inv_8,ok
LPFLOW_BLEEDERD1,sky130_fd_sc_hd__lpflow_bleeder_1,ok
LPFLOW_CLKBUFKAPWRD1,sky130_fd_sc_hd__lpflow_clkbufkapwr_1,ok:collapsed:KAPWR
LPFLOW_CLKBUFKAPWRD16,sky130_fd_sc_hd__lpflow_clkbufkapwr_16,ok:collapsed:KAPWR
LPFLOW_CLKBUFKAPWRD2,sky130_fd_sc_hd__lpflow_clkbufkapwr_2,ok:collapsed:KAPWR
LPFLOW_CLKBUFKAPWRD4,sky130_fd_sc_hd__lpflow_clkbufkapwr_4,ok:collapsed:KAPWR
LPFLOW_CLKBUFKAPWRD8,sky130_fd_sc_hd__lpflow_clkbufkapwr_8,ok:collapsed:KAPWR
LPFLOW_CLKINVKAPWRD1,sky130_fd_sc_hd__lpflow_clkinvkapwr_1,ok:collapsed:KAPWR
LPFLOW_CLKINVKAPWRD16,sky130_fd_sc_hd__lpflow_clkinvkapwr_16,ok:collapsed:KAPWR
LPFLOW_CLKINVKAPWRD2,sky130_fd_sc_hd__lpflow_clkinvkapwr_2,ok:collapsed:KAPWR
LPFLOW_CLKINVKAPWRD4,sky130_fd_sc_hd__lpflow_clkinvkapwr_4,ok:collapsed:KAPWR
LPFLOW_CLKINVKAPWRD8,sky130_fd_sc_hd__lpflow_clkinvkapwr_8,ok:collapsed:KAPWR
LPFLOW_DECAPKAPWRD12,sky130_fd_sc_hd__lpflow_decapkapwr_12,ok:collapsed:KAPWR
LPFLOW_DECAPKAPWRD3,sky130_fd_sc_hd__lpflow_decapkapwr_3,ok:collapsed:KAPWR
LPFLOW_DECAPKAPWRD4,sky130_fd_sc_hd__lpflow_decapkapwr_4,ok:collapsed:KAPWR
LPFLOW_DECAPKAPWRD6,sky130_fd_sc_hd__lpflow_decapkapwr_6,ok:collapsed:KAPWR
LPFLOW_DECAPKAPWRD8,sky130_fd_sc_hd__lpflow_decapkapwr_8,ok:collapsed:KAPWR
LPFLOW_INPUTISO0ND1,sky130_fd_sc_hd__lpflow_inputiso0n_1,ok
LPFLOW_INPUTISO0PD1,sky130_fd_sc_hd__lpflow_inputiso0p_1,ok
LPFLOW_INPUTISO1ND1,sky130_fd_sc_hd__lpflow_inputiso1n_1,ok
LPFLOW_INPUTISO1PD1,sky130_fd_sc_hd__lpflow_inputiso1p_1,ok
LPFLOW_INPUTISOLATCHD1,sky130_fd_sc_hd__lpflow_inputisolatch_1,ok
LPFLOW_ISOBUFSRCD1,sky130_fd_sc_hd__lpflow_isobufsrc_1,ok
LPFLOW_ISOBUFSRCD16,sky130_fd_sc_hd__lpflow_isobufsrc_16,ok
LPFLOW_ISOBUFSRCD2,sky130_fd_sc_hd__lpflow_isobufsrc_2,ok
LPFLOW_ISOBUFSRCD4,sky130_fd_sc_hd__lpflow_isobufsrc_4,ok
LPFLOW_ISOBUFSRCD8,sky130_fd_sc_hd__lpflow_isobufsrc_8,ok
LPFLOW_ISOBUFSRCKAPWRD16,sky130_fd_sc_hd__lpflow_isobufsrckapwr_16,ok:collapsed:KAPWR
LPFLOW_LSBUF_LH_HL_ISOWELL_TAPD1,sky130_fd_sc_hd__lpflow_lsbuf_lh_hl_isowell_tap_1,ok:collapsed:VPWRIN
LPFLOW_LSBUF_LH_HL_ISOWELL_TAPD2,sky130_fd_sc_hd__lpflow_lsbuf_lh_hl_isowell_tap_2,ok:collapsed:VPWRIN
LPFLOW_LSBUF_LH_HL_ISOWELL_TAPD4,sky130_fd_sc_hd__lpflow_lsbuf_lh_hl_isowell_tap_4,ok:collapsed:VPWRIN
LPFLOW_LSBUF_LH_ISOWELLD4,sky130_fd_sc_hd__lpflow_lsbuf_lh_isowell_4,ok:collapsed:LOWLVPWR
LPFLOW_LSBUF_LH_ISOWELL_TAPD1,sky130_fd_sc_hd__lpflow_lsbuf_lh_isowell_tap_1,ok:collapsed:LOWLVPWR
LPFLOW_LSBUF_LH_ISOWELL_TAPD2,sky130_fd_sc_hd__lpflow_lsbuf_lh_isowell_tap_2,ok:collapsed:LOWLVPWR
LPFLOW_LSBUF_LH_ISOWELL_TAPD4,sky130_fd_sc_hd__lpflow_lsbuf_lh_isowell_tap_4,ok:collapsed:LOWLVPWR
MACRODsparecell,sky130_fd_sc_hd__macro_sparecell,skip:non-FET-device(sky130_fd_sc_hd__nand2_2)
MAJ3D1,sky130_fd_sc_hd__maj3_1,ok
MAJ3D2,sky130_fd_sc_hd__maj3_2,ok
MAJ3D4,sky130_fd_sc_hd__maj3_4,ok
MUX2D1,sky130_fd_sc_hd__mux2_1,ok
MUX2D2,sky130_fd_sc_hd__mux2_2,ok
MUX2D4,sky130_fd_sc_hd__mux2_4,ok
MUX2D8,sky130_fd_sc_hd__mux2_8,ok
MUX2ID1,sky130_fd_sc_hd__mux2i_1,ok
MUX2ID2,sky130_fd_sc_hd__mux2i_2,ok
MUX2ID4,sky130_fd_sc_hd__mux2i_4,ok
MUX4D1,sky130_fd_sc_hd__mux4_1,ok
MUX4D2,sky130_fd_sc_hd__mux4_2,ok
MUX4D4,sky130_fd_sc_hd__mux4_4,ok
NAND2D1,sky130_fd_sc_hd__nand2_1,ok
NAND2D2,sky130_fd_sc_hd__nand2_2,ok
NAND2D4,sky130_fd_sc_hd__nand2_4,ok
NAND2D8,sky130_fd_sc_hd__nand2_8,ok
NAND2BD1,sky130_fd_sc_hd__nand2b_1,ok
NAND2BD2,sky130_fd_sc_hd__nand2b_2,ok
NAND2BD4,sky130_fd_sc_hd__nand2b_4,ok
NAND3D1,sky130_fd_sc_hd__nand3_1,ok
NAND3D2,sky130_fd_sc_hd__nand3_2,ok
NAND3D4,sky130_fd_sc_hd__nand3_4,ok
NAND3BD1,sky130_fd_sc_hd__nand3b_1,ok
NAND3BD2,sky130_fd_sc_hd__nand3b_2,ok
NAND3BD4,sky130_fd_sc_hd__nand3b_4,ok
NAND4D1,sky130_fd_sc_hd__nand4_1,ok
NAND4D2,sky130_fd_sc_hd__nand4_2,ok
NAND4D4,sky130_fd_sc_hd__nand4_4,ok
NAND4BD1,sky130_fd_sc_hd__nand4b_1,ok
NAND4BD2,sky130_fd_sc_hd__nand4b_2,ok
NAND4BD4,sky130_fd_sc_hd__nand4b_4,ok
NAND4BBD1,sky130_fd_sc_hd__nand4bb_1,ok
NAND4BBD2,sky130_fd_sc_hd__nand4bb_2,ok
NAND4BBD4,sky130_fd_sc_hd__nand4bb_4,ok
NOR2D1,sky130_fd_sc_hd__nor2_1,ok
NOR2D2,sky130_fd_sc_hd__nor2_2,ok
NOR2D4,sky130_fd_sc_hd__nor2_4,ok
NOR2D8,sky130_fd_sc_hd__nor2_8,ok
NOR2BD1,sky130_fd_sc_hd__nor2b_1,ok
NOR2BD2,sky130_fd_sc_hd__nor2b_2,ok
NOR2BD4,sky130_fd_sc_hd__nor2b_4,ok
NOR3D1,sky130_fd_sc_hd__nor3_1,ok
NOR3D2,sky130_fd_sc_hd__nor3_2,ok
NOR3D4,sky130_fd_sc_hd__nor3_4,ok
NOR3BD1,sky130_fd_sc_hd__nor3b_1,ok
NOR3BD2,sky130_fd_sc_hd__nor3b_2,ok
NOR3BD4,sky130_fd_sc_hd__nor3b_4,ok
NOR4D1,sky130_fd_sc_hd__nor4_1,ok
NOR4D2,sky130_fd_sc_hd__nor4_2,ok
NOR4D4,sky130_fd_sc_hd__nor4_4,ok
NOR4BD1,sky130_fd_sc_hd__nor4b_1,ok
NOR4BD2,sky130_fd_sc_hd__nor4b_2,ok
NOR4BD4,sky130_fd_sc_hd__nor4b_4,ok
NOR4BBD1,sky130_fd_sc_hd__nor4bb_1,ok
NOR4BBD2,sky130_fd_sc_hd__nor4bb_2,ok
NOR4BBD4,sky130_fd_sc_hd__nor4bb_4,ok
O2111AD1,sky130_fd_sc_hd__o2111a_1,ok
O2111AD2,sky130_fd_sc_hd__o2111a_2,ok
O2111AD4,sky130_fd_sc_hd__o2111a_4,ok
O2111AID1,sky130_fd_sc_hd__o2111ai_1,ok
O2111AID2,sky130_fd_sc_hd__o2111ai_2,ok
O2111AID4,sky130_fd_sc_hd__o2111ai_4,ok
O211AD1,sky130_fd_sc_hd__o211a_1,ok
O211AD2,sky130_fd_sc_hd__o211a_2,ok
O211AD4,sky130_fd_sc_hd__o211a_4,ok
O211AID1,sky130_fd_sc_hd__o211ai_1,ok
O211AID2,sky130_fd_sc_hd__o211ai_2,ok
O211AID4,sky130_fd_sc_hd__o211ai_4,ok
O21AD1,sky130_fd_sc_hd__o21a_1,ok
O21AD2,sky130_fd_sc_hd__o21a_2,ok
O21AD4,sky130_fd_sc_hd__o21a_4,ok
O21AID0,sky130_fd_sc_hd__o21ai_0,ok
O21AID1,sky130_fd_sc_hd__o21ai_1,ok
O21AID2,sky130_fd_sc_hd__o21ai_2,ok
O21AID4,sky130_fd_sc_hd__o21ai_4,ok
O21BAD1,sky130_fd_sc_hd__o21ba_1,ok
O21BAD2,sky130_fd_sc_hd__o21ba_2,ok
O21BAD4,sky130_fd_sc_hd__o21ba_4,ok
O21BAID1,sky130_fd_sc_hd__o21bai_1,ok
O21BAID2,sky130_fd_sc_hd__o21bai_2,ok
O21BAID4,sky130_fd_sc_hd__o21bai_4,ok
O221AD1,sky130_fd_sc_hd__o221a_1,ok
O221AD2,sky130_fd_sc_hd__o221a_2,ok
O221AD4,sky130_fd_sc_hd__o221a_4,ok
O221AID1,sky130_fd_sc_hd__o221ai_1,ok
O221AID2,sky130_fd_sc_hd__o221ai_2,ok
O221AID4,sky130_fd_sc_hd__o221ai_4,ok
O22AD1,sky130_fd_sc_hd__o22a_1,ok
O22AD2,sky130_fd_sc_hd__o22a_2,ok
O22AD4,sky130_fd_sc_hd__o22a_4,ok
O22AID1,sky130_fd_sc_hd__o22ai_1,ok
O22AID2,sky130_fd_sc_hd__o22ai_2,ok
O22AID4,sky130_fd_sc_hd__o22ai_4,ok
O2BB2AD1,sky130_fd_sc_hd__o2bb2a_1,ok
O2BB2AD2,sky130_fd_sc_hd__o2bb2a_2,ok
O2BB2AD4,sky130_fd_sc_hd__o2bb2a_4,ok
O2BB2AID1,sky130_fd_sc_hd__o2bb2ai_1,ok
O2BB2AID2,sky130_fd_sc_hd__o2bb2ai_2,ok
O2BB2AID4,sky130_fd_sc_hd__o2bb2ai_4,ok
O311AD1,sky130_fd_sc_hd__o311a_1,ok
O311AD2,sky130_fd_sc_hd__o311a_2,ok
O311AD4,sky130_fd_sc_hd__o311a_4,ok
O311AID0,sky130_fd_sc_hd__o311ai_0,ok
O311AID1,sky130_fd_sc_hd__o311ai_1,ok
O311AID2,sky130_fd_sc_hd__o311ai_2,ok
O311AID4,sky130_fd_sc_hd__o311ai_4,ok
O31AD1,sky130_fd_sc_hd__o31a_1,ok
O31AD2,sky130_fd_sc_hd__o31a_2,ok
O31AD4,sky130_fd_sc_hd__o31a_4,ok
O31AID1,sky130_fd_sc_hd__o31ai_1,ok
O31AID2,sky130_fd_sc_hd__o31ai_2,ok
O31AID4,sky130_fd_sc_hd__o31ai_4,ok
O32AD1,sky130_fd_sc_hd__o32a_1,ok
O32AD2,sky130_fd_sc_hd__o32a_2,ok
O32AD4,sky130_fd_sc_hd__o32a_4,ok
O32AID1,sky130_fd_sc_hd__o32ai_1,ok
O32AID2,sky130_fd_sc_hd__o32ai_2,ok
O32AID4,sky130_fd_sc_hd__o32ai_4,ok
O41AD1,sky130_fd_sc_hd__o41a_1,ok
O41AD2,sky130_fd_sc_hd__o41a_2,ok
O41AD4,sky130_fd_sc_hd__o41a_4,ok
O41AID1,sky130_fd_sc_hd__o41ai_1,ok
O41AID2,sky130_fd_sc_hd__o41ai_2,ok
O41AID4,sky130_fd_sc_hd__o41ai_4,ok
OR2D0,sky130_fd_sc_hd__or2_0,ok
OR2D1,sky130_fd_sc_hd__or2_1,ok
OR2D2,sky130_fd_sc_hd__or2_2,ok
OR2D4,sky130_fd_sc_hd__or2_4,ok
OR2BD1,sky130_fd_sc_hd__or2b_1,ok
OR2BD2,sky130_fd_sc_hd__or2b_2,ok
OR2BD4,sky130_fd_sc_hd__or2b_4,ok
OR3D1,sky130_fd_sc_hd__or3_1,ok
OR3D2,sky130_fd_sc_hd__or3_2,ok
OR3D4,sky130_fd_sc_hd__or3_4,ok
OR3BD1,sky130_fd_sc_hd__or3b_1,ok
OR3BD2,sky130_fd_sc_hd__or3b_2,ok
OR3BD4,sky130_fd_sc_hd__or3b_4,ok
OR4D1,sky130_fd_sc_hd__or4_1,ok
OR4D2,sky130_fd_sc_hd__or4_2,ok
OR4D4,sky130_fd_sc_hd__or4_4,ok
OR4BD1,sky130_fd_sc_hd__or4b_1,ok
OR4BD2,sky130_fd_sc_hd__or4b_2,ok
OR4BD4,sky130_fd_sc_hd__or4b_4,ok
OR4BBD1,sky130_fd_sc_hd__or4bb_1,ok
OR4BBD2,sky130_fd_sc_hd__or4bb_2,ok
OR4BBD4,sky130_fd_sc_hd__or4bb_4,ok
PROBE_PD8,sky130_fd_sc_hd__probe_p_8,ok
PROBEC_PD8,sky130_fd_sc_hd__probec_p_8,ok
SDFBBND1,sky130_fd_sc_hd__sdfbbn_1,ok
SDFBBND2,sky130_fd_sc_hd__sdfbbn_2,ok
SDFBBPD1,sky130_fd_sc_hd__sdfbbp_1,ok
SDFRBPD1,sky130_fd_sc_hd__sdfrbp_1,ok
SDFRBPD2,sky130_fd_sc_hd__sdfrbp_2,ok
SDFRTND1,sky130_fd_sc_hd__sdfrtn_1,ok
SDFRTPD1,sky130_fd_sc_hd__sdfrtp_1,ok
SDFRTPD2,sky130_fd_sc_hd__sdfrtp_2,ok
SDFRTPD4,sky130_fd_sc_hd__sdfrtp_4,ok
SDFSBPD1,sky130_fd_sc_hd__sdfsbp_1,ok
SDFSBPD2,sky130_fd_sc_hd__sdfsbp_2,ok
SDFSTPD1,sky130_fd_sc_hd__sdfstp_1,ok
SDFSTPD2,sky130_fd_sc_hd__sdfstp_2,ok
SDFSTPD4,sky130_fd_sc_hd__sdfstp_4,ok
SDFXBPD1,sky130_fd_sc_hd__sdfxbp_1,ok
SDFXBPD2,sky130_fd_sc_hd__sdfxbp_2,ok
SDFXTPD1,sky130_fd_sc_hd__sdfxtp_1,ok
SDFXTPD2,sky130_fd_sc_hd__sdfxtp_2,ok
SDFXTPD4,sky130_fd_sc_hd__sdfxtp_4,ok
SDLCLKPD1,sky130_fd_sc_hd__sdlclkp_1,ok
SDLCLKPD2,sky130_fd_sc_hd__sdlclkp_2,ok
SDLCLKPD4,sky130_fd_sc_hd__sdlclkp_4,ok
SEDFXBPD1,sky130_fd_sc_hd__sedfxbp_1,ok
SEDFXBPD2,sky130_fd_sc_hd__sedfxbp_2,ok
SEDFXTPD1,sky130_fd_sc_hd__sedfxtp_1,ok
SEDFXTPD2,sky130_fd_sc_hd__sedfxtp_2,ok
SEDFXTPD4,sky130_fd_sc_hd__sedfxtp_4,ok
TAPD1,sky130_fd_sc_hd__tap_1,ok
TAPD2,sky130_fd_sc_hd__tap_2,ok
TAPVGNDD1,sky130_fd_sc_hd__tapvgnd_1,ok
TAPVGND2D1,sky130_fd_sc_hd__tapvgnd2_1,ok
TAPVPWRVGNDD1,sky130_fd_sc_hd__tapvpwrvgnd_1,ok
XNOR2D1,sky130_fd_sc_hd__xnor2_1,ok
XNOR2D2,sky130_fd_sc_hd__xnor2_2,ok
XNOR2D4,sky130_fd_sc_hd__xnor2_4,ok
XNOR3D1,sky130_fd_sc_hd__xnor3_1,ok
XNOR3D2,sky130_fd_sc_hd__xnor3_2,ok
XNOR3D4,sky130_fd_sc_hd__xnor3_4,ok
XOR2D1,sky130_fd_sc_hd__xor2_1,ok
XOR2D2,sky130_fd_sc_hd__xor2_2,ok
XOR2D4,sky130_fd_sc_hd__xor2_4,ok
XOR3D1,sky130_fd_sc_hd__xor3_1,ok
XOR3D2,sky130_fd_sc_hd__xor3_2,ok
XOR3D4,sky130_fd_sc_hd__xor3_4,ok
